42,Felicita,Bogan,1978-05-19,male,http://lorempixel.com/50/60,yellow,13B,2017-09-05 14:11:59 UTC,2017-09-05 14:11:59 UTC
43,Harvey,Botsford,1985-03-16,male,http://lorempixel.com/50/60,red,20G,2017-09-05 14:11:59 UTC,2017-09-05 14:11:59 UTC
5,Rodrigo,Buckridge,1990-01-15,male,http://lorempixel.com/50/60,yellow,19F,2017-09-05 14:11:56 UTC,2017-09-05 14:11:56 UTC
9,Dessie,Corwin,1998-04-26,male,http://lorempixel.com/50/60,green,20G,2017-09-05 14:11:57 UTC,2017-09-05 14:11:57 UTC
29,Noemy,Cremin,1975-11-29,male,http://lorempixel.com/50/60,green,20E,2017-09-05 14:11:58 UTC,2017-09-05 14:11:58 UTC
23,Ima,Cruickshank,1975-04-01,male,http://lorempixel.com/50/60,red,9C,2017-09-05 14:11:58 UTC,2017-09-05 14:11:58 UTC
26,Tristian,Deckow,1985-03-26,male,http://lorempixel.com/50/60,black,16G,2017-09-05 14:11:58 UTC,2017-09-06 22:54:45 UTC
44,Destini,Hackett,1975-05-15,male,http://lorempixel.com/50/60,purple,7E,2017-09-05 14:11:59 UTC,2017-09-05 14:11:59 UTC
15,Georgiana,Heaney,1974-05-14,male,http://lorempixel.com/50/60,Blue,19E,2017-09-05 14:11:57 UTC,2017-09-07 15:16:14 UTC
4,Liza,Klocko,1990-02-02,male,http://lorempixel.com/50/60,green,5G,2017-09-05 14:11:56 UTC,2017-09-05 14:11:56 UTC
46,Danielle,Kshlerin,1978-08-16,male,http://lorempixel.com/50/60,green,7E,2017-09-05 14:11:59 UTC,2017-09-05 14:11:59 UTC
55,Pepe,Longoria,1920-05-01,Male,"",Purple,50A,2017-09-07 14:29:37 UTC,2017-09-07 14:29:37 UTC
25,Cloyd,Lueilwitz,1973-06-12,male,http://lorempixel.com/50/60,yellow,1D,2017-09-05 14:11:58 UTC,2017-09-05 14:11:58 UTC
17,Marley,MacGyver,1976-05-19,male,http://lorempixel.com/50/60,green,12C,2017-09-05 14:11:57 UTC,2017-09-05 14:11:57 UTC
13,Marianna,O'Hara,1990-12-08,male,http://lorempixel.com/50/60,red,13B,2017-09-05 14:11:57 UTC,2017-09-05 14:11:57 UTC
7,Modesta,O'Reilly,1979-09-04,male,http://lorempixel.com/50/60,yellow,11F,2017-09-05 14:11:57 UTC,2017-09-05 14:11:57 UTC
49,Sigurd,Rohan,1983-03-23,male,http://lorempixel.com/50/60,green,8A,2017-09-05 14:11:59 UTC,2017-09-05 14:11:59 UTC
38,Lavon,Rohan,1988-08-05,male,http://lorempixel.com/50/60,red,19A,2017-09-05 14:11:58 UTC,2017-09-05 14:11:58 UTC
14,Gerda,Rolfson,1975-03-31,male,http://lorempixel.com/50/60,red,19B,2017-09-05 14:11:57 UTC,2017-09-05 14:11:57 UTC
48,Bradley,Sipes,1989-04-17,male,http://lorempixel.com/50/60,purple,6C,2017-09-05 14:11:59 UTC,2017-09-05 14:11:59 UTC
18,Keara,Smitham,1981-09-28,male,http://lorempixel.com/50/60,green,17F,2017-09-05 14:11:57 UTC,2017-09-05 14:11:57 UTC
3,Lamar,Spencer,1988-01-21,male,http://lorempixel.com/50/60,purple,14F,2017-09-05 14:11:56 UTC,2017-09-05 14:11:56 UTC
35,Dorian,Stokes,2002-08-29,male,http://lorempixel.com/50/60,yellow,7E,2017-09-05 14:11:58 UTC,2017-09-05 14:11:58 UTC
41,Kathleen,Torphy,1990-11-17,male,http://lorempixel.com/50/60,purple,16E,2017-09-05 14:11:59 UTC,2017-09-05 14:11:59 UTC
47,Myron,Wuckert,1989-06-12,male,http://lorempixel.com/50/60,purple,13E,2017-09-05 14:11:59 UTC,2017-09-05 14:11:59 UTC
